{
  "Porte Dauphine": {
    "x": 673.18604,
    "y": 1447.1716
  },
  "La Défense": {
    "x": 673.18604,
    "y": 1447.1716
  },
  "Pont de Levallois - Bécon": {
    "x": 673.18604,
    "y": 1447.1716
  },
  "Gallieni": {
    "x": 674.76685,
    "y": 1483.6039
  },
  "Porte des Lilas": {
    "x": 673.18604,
    "y": 1447.1716
  },
  "Gambetta": {
    "x": 674.76685,
    "y": 1483.6039
  },
  "Porte de Clignancourt": {
    "x": 673.18604,
    "y": 1447.1716
  },
  "Louis Blanc": {
    "x": 673.18604,
    "y": 1447.1716
  },
  "Balard": {
    "x": 673.18604,
    "y": 1447.1716
  },
  "Pont de Sèvres": {
    "x": 673.18604,
    "y": 1447.1716
  },
  "Mairie de Montreuil": {
    "x": 674.76685,
    "y": 1483.6039
  },
  "Châtelet": {
    "x": 673.18604,
    "y": 1447.1716
  },
  "Mairie d'Issy": {
    "x": 674.76685,
    "y": 1483.6039
  },
  "Pont de Saint-Cloud": {
    "x": 1298.8638,
    "y": 4701.8779
  },
  "Pont de Neuilly": {
    "x": 2136.3289,
    "y": 1983.1947
  },
  "Sablons": {
    "x": 2303.7205,
    "y": 2145.4358
  },
  "Porte Maillot": {
    "x": 2472.2898,
    "y": 2314.9927
  },
  "Argentine": {
    "x": 2645.449,
    "y": 2482.4402
  },
  "Tuileries": {
    "x": 3873.6538,
    "y": 2857.7295
  },
  "Saint-Paul": {
    "x": 4813.6333,
    "y": 3051.9175
  },
  "Bérault": {
    "x": 6596.5679,
    "y": 3391.4402
  },
  "Ternes": {
    "x": 2975.6965,
    "y": 2412.6045
  },
  "Monceau": {
    "x": 3260.1873,
    "y": 1989.0991
  },
  "Blanche": {
    "x": 3748.5378,
    "y": 1486.6224
  },
  "Anvers": {
    "x": 4308.3076,
    "y": 1567.1426
  },
  "Couronnes": {
    "x": 5721.167,
    "y": 2126.1382
  },
  "Ménilmontant": {
    "x": 5827.1021,
    "y": 2229.1111
  },
  "Porte de Champerret": {
    "x": 2742.3198,
    "y": 1261.6903
  },
  "Wagram": {
    "x": 3019.3838,
    "y": 1528.0261
  },
  "Sentier": {
    "x": 1307.2753,
    "y": 4945.8765
  },
  "Parmentier": {
    "x": 5517.563,
    "y": 2282.1282
  },
  "Saint-Maur": {
    "x": 5626.8076,
    "y": 2402.9084
  },
  "Cité": {
    "x": 4207.7749,
    "y": 3120.4084
  },
  "Saint-Sulpice": {
    "x": 5315.043,
    "y": -51.723442
  },
  "Vavin": {
    "x": 3842.708,
    "y": 4038.0869
  },
  "Église de Pantin": {
    "x": 6226.8696,
    "y": 1308.4419
  },
  "Jacques Bonsergent": {
    "x": 4930.1377,
    "y": 2189.2742
  },
  "Quai de la Rapée": {
    "x": 4826.0903,
    "y": 3461.2231
  },
  "Picpus": {
    "x": 6008.4849,
    "y": 3355.3442
  },
  "Bel-Air": {
    "x": 5914.8823,
    "y": 3513.2324
  },
  "Dugommier": {
    "x": 6604.958,
    "y": -1339.3773
  },
  "Corvisart": {
    "x": 6219.4058,
    "y": -301.14493
  },
  "Edgar Quinet": {
    "x": 5635.8911,
    "y": 233.36536
  },
  "Dupleix": {
    "x": 2760.2788,
    "y": 3820.9075
  },
  "Passy": {
    "x": 2555.7981,
    "y": 3599.7317
  },
  "Kléber": {
    "x": 2612.7344,
    "y": 2807.55
  },
  "Porte de Choisy": {
    "x": 6841.4131,
    "y": -300.04584
  },
  "Gobelins": {
    "x": 6252.4326,
    "y": -396.23206
  },
  "Censier - Daubenton": {
    "x": 6072.6655,
    "y": -459.7038
  },
  "Crimée": {
    "x": 5343.0103,
    "y": 1276.561
  },
  "Commerce": {
    "x": 3112.5413,
    "y": 3957.7188
  },
  "École Militaire": {
    "x": 3063.5759,
    "y": 3566.8733
  },
  "Filles du Calvaire": {
    "x": 5105.0562,
    "y": 2638.4512
  },
  "Chemin Vert": {
    "x": 5053.8975,
    "y": 2975.0212
  },
  "Montgallet": {
    "x": 5616.3462,
    "y": 3516.6216
  },
  "Charenton - Écoles": {
    "x": 6275.2002,
    "y": 4195.4165
  },
  "Exelmans": {
    "x": 2225.9744,
    "y": 4360.5293
  },
  "Rue de la Pompe": {
    "x": 4040.9883,
    "y": 750.91095
  },
  "Iéna": {
    "x": 2884.6138,
    "y": 3261.3755
  },
  "Voltaire": {
    "x": 5525.3013,
    "y": 2792.3608
  },
  "Charonne": {
    "x": 5647.3408,
    "y": 2908.019
  },
  "Michel-Ange - Auteuil": {
    "x": 2036.1215,
    "y": 4145.5723
  },
  "Pyrénées": {
    "x": 5822.9834,
    "y": 2001.6281
  },
  "Jourdain": {
    "x": 6050.0322,
    "y": 2001.2532
  },
  "Marx Dormoy": {
    "x": 4538.9795,
    "y": 982.3197
  },
  "Abbesses": {
    "x": 4041.6401,
    "y": 1399.3761
  },
  "Rennes": {
    "x": 3568.0464,
    "y": 3791.5798
  },
  "Volontaires": {
    "x": 3365.8486,
    "y": 4134.8711
  },
  "Convention": {
    "x": 3228.7947,
    "y": 4338.312
  },
  "Malakoff - Plateau de Vanves": {
    "x": 3753.0898,
    "y": 4634.1396
  },
  "Plaisance": {
    "x": 3756.3579,
    "y": 4383.9951
  },
  "Varenne": {
    "x": 3448.999,
    "y": 3187.9922
  },
  "La Fourche": {
    "x": 3561.0591,
    "y": 1182.7148
  },
  "Brochant": {
    "x": 3446.7251,
    "y": 1020.7931
  },
  "Gabriel Péri": {
    "x": 3143.3289,
    "y": 717.68835
  },
  "Bercy": {
    "x": 807.9342,
    "y": 714.49774
  },
  "Place de Clichy": {
    "x": 3556.3462,
    "y": -1402.0791
  },
  "Opéra": {
    "x": 1058.9337,
    "y": 4555.5669
  },
  "Invalides": {
    "x": 392.33401,
    "y": 4572.2559
  },
  "Odéon": {
    "x": 5315.4038,
    "y": -303.55035
  },
  "Sèvres - Babylone": {
    "x": 3605.8848,
    "y": 3681.2415
  },
  "La Motte-Picquet - Grenelle": {
    "x": 3077.0466,
    "y": 3817.6299
  },
  "Pasteur": {
    "x": 3420.8313,
    "y": 4076.8728
  },
  "Montparnasse - Bienvenüe": {
    "x": 3743.5269,
    "y": 4206.8843
  },
  "Raspail": {
    "x": 5705.8428,
    "y": 168.8772
  },
  "Denfert-Rochereau": {
    "x": 6084.6733,
    "y": 124.18396
  },
  "Daumesnil": {
    "x": 5764.4771,
    "y": 3670.8721
  },
  "Père Lachaise": {
    "x": 5876.5859,
    "y": 2446.4841
  },
  "Réaumur - Sébastopol": {
    "x": 1399.0577,
    "y": 5031.8032
  },
  "Barbès - Rochechouart": {
    "x": 2713.6602,
    "y": 4374.624
  },
  "Belleville": {
    "x": 5566.7476,
    "y": 2003.7955
  },
  "Duroc": {
    "x": 3514.0942,
    "y": 3848.7466
  },
  "Havre - Caumartin": {
    "x": 4320.1499,
    "y": -1106.8208
  },
  "Bastille": {
    "x": 5173.8584,
    "y": 3090.4861
  },
  "Porte d'Orléans": {
    "x": 4278.9536,
    "y": 4498.8281
  },
  "Porte de la Chapelle": {
    "x": 4649.3691,
    "y": 869.92853
  },
  "Buttes-Chaumont": {
    "x": 2893.7375,
    "y": 5502.374
  }
}